Datetime,Open,High,Low,Close,Volume,Adj Close,trend
2024-07-17 14:13:00+00:00,28.14,28.17,28.14,28.15,53076,101,downtrend1
2024-07-17 14:14:00+00:00,28.14,28.15,28.11,28.12,85373,342,uptrend5
2024-07-17 14:15:00+00:00,28.12,28.18,28.11,28.17,44735,134,uptrend5
2024-07-17 14:16:00+00:00,28.17,28.19,28.14,28.18,56484,125,uptrend5
2024-07-17 14:17:00+00:00,28.17,28.19,28.14,28.19,88600,155,uptrend5
2024-07-17 14:18:00+00:00,28.2,28.25,28.2,28.25,70099,191,uptrend5
2024-07-17 14:19:00+00:00,28.25,28.29,28.25,28.29,86717,212,downtrend1
2024-07-17 14:20:00+00:00,28.29,28.3,28.25,28.26,32118,71,downtrend1
2024-07-17 14:21:00+00:00,28.25,28.27,28.23,28.26,25953,79,downtrend3
2024-07-17 14:22:00+00:00,28.25,28.26,28.24,28.25,37072,90,downtrend3
2024-07-17 14:23:00+00:00,28.25,28.25,28.2,28.24,38202,109,downtrend3
2024-07-17 14:24:00+00:00,28.24,28.25,28.22,28.22,2959,22,uptrend1
2024-07-17 14:25:00+00:00,28.21,28.24,28.2,28.24,58775,127,downtrend1
2024-07-17 14:26:00+00:00,28.24,28.24,28.22,28.22,21180,40,uptrend1
2024-07-17 14:27:00+00:00,28.23,28.3,28.23,28.28,18946,49,downtrend2
2024-07-17 14:28:00+00:00,28.28,28.28,28.23,28.23,17580,57,downtrend2
2024-07-17 14:29:00+00:00,28.23,28.24,28.18,28.18,28684,95,uptrend5
2024-07-17 14:30:00+00:00,28.18,28.24,28.17,28.21,68116,122,uptrend5
2024-07-17 14:31:00+00:00,28.21,28.26,28.2,28.25,13472,44,uptrend5
2024-07-17 14:32:00+00:00,28.25,28.3,28.25,28.3,33265,63,uptrend5
2024-07-17 14:33:00+00:00,28.31,28.36,28.3,28.33,92850,289,uptrend5
2024-07-17 14:34:00+00:00,28.33,28.36,28.29,28.35,26981,176,downtrend2
2024-07-17 14:35:00+00:00,28.34,28.36,28.33,28.34,24129,48,downtrend2
2024-07-17 14:36:00+00:00,28.34,28.34,28.3,28.3,17086,89,downtrend2
2024-07-17 14:37:00+00:00,28.31,28.32,28.3,28.3,16288,116,downtrend2
2024-07-17 14:38:00+00:00,28.3,28.3,28.27,28.29,2688,30,downtrend2
2024-07-17 14:39:00+00:00,28.28,28.3,28.26,28.27,18582,71,uptrend1
2024-07-17 14:40:00+00:00,28.28,28.3,28.26,28.28,72007,113,downtrend2
2024-07-17 14:41:00+00:00,28.28,28.3,28.23,28.24,77841,119,downtrend2
2024-07-17 14:42:00+00:00,28.25,28.25,28.22,28.22,8268,55,uptrend1
2024-07-17 14:43:00+00:00,28.22,28.26,28.2,28.26,36869,106,downtrend1
2024-07-17 14:44:00+00:00,28.27,28.27,28.23,28.25,16924,47,uptrend1
2024-07-17 14:45:00+00:00,28.24,28.3,28.24,28.3,9781,56,uptrend1
2024-07-17 14:46:00+00:00,28.3,28.33,28.29,28.3,72502,139,
2024-07-17 14:47:00+00:00,28.3,28.31,28.29,28.3,32028,49,downtrend1
2024-07-17 14:48:00+00:00,28.29,28.29,28.26,28.28,65409,114,uptrend1
2024-07-17 14:49:00+00:00,28.29,28.35,28.29,28.33,131485,169,downtrend1
2024-07-17 14:50:00+00:00,28.32,28.35,28.31,28.31,77496,130,uptrend2
2024-07-17 14:51:00+00:00,28.3,28.33,28.3,28.32,14712,58,uptrend2
2024-07-17 14:52:00+00:00,28.32,28.34,28.31,28.33,56375,77,downtrend2
2024-07-17 14:53:00+00:00,28.33,28.35,28.28,28.3,43252,100,downtrend2
2024-07-17 14:54:00+00:00,28.31,28.33,28.27,28.28,17836,55,uptrend1
2024-07-17 14:55:00+00:00,28.28,28.32,28.28,28.3,24685,89,downtrend1
2024-07-17 14:56:00+00:00,28.31,28.32,28.29,28.29,18691,47,uptrend2
2024-07-17 14:57:00+00:00,28.3,28.32,28.29,28.3,22540,49,uptrend2
2024-07-17 14:58:00+00:00,28.3,28.32,28.3,28.32,26179,51,downtrend1
2024-07-17 14:59:00+00:00,28.32,28.34,28.3,28.3,31543,63,uptrend1
2024-07-17 15:00:00+00:00,28.31,28.34,28.29,28.32,48031,95,downtrend1
2024-07-17 15:01:00+00:00,28.33,28.33,28.29,28.29,19576,59,uptrend1
2024-07-17 15:02:00+00:00,28.29,28.32,28.27,28.31,30694,94,downtrend3
2024-07-17 15:03:00+00:00,28.32,28.34,28.29,28.29,30250,85,downtrend3
2024-07-17 15:04:00+00:00,28.28,28.3,28.27,28.28,47415,92,downtrend3
2024-07-17 15:05:00+00:00,28.29,28.3,28.25,28.25,30875,71,uptrend1
2024-07-17 15:06:00+00:00,28.26,28.3,28.25,28.26,21810,59,downtrend1
2024-07-17 15:07:00+00:00,28.25,28.27,28.21,28.25,58411,105,uptrend3
2024-07-17 15:08:00+00:00,28.25,28.27,28.23,28.26,39050,64,uptrend3
2024-07-17 15:09:00+00:00,28.27,28.3,28.26,28.3,32140,83,uptrend3
2024-07-17 15:10:00+00:00,28.31,28.36,28.29,28.35,53643,108,downtrend2
2024-07-17 15:11:00+00:00,28.35,28.35,28.31,28.33,42066,72,downtrend2
2024-07-17 15:12:00+00:00,28.32,28.34,28.27,28.29,15419,64,uptrend1
2024-07-17 15:13:00+00:00,28.29,28.32,28.29,28.3,15339,69,downtrend1
2024-07-17 15:14:00+00:00,28.3,28.3,28.27,28.27,27215,51,downtrend1
2024-07-17 15:15:00+00:00,28.28,28.29,28.27,28.27,19261,40,uptrend1
2024-07-17 15:16:00+00:00,28.27,28.28,28.24,28.28,32389,65,uptrend1
2024-07-17 15:17:00+00:00,28.27,28.29,28.26,28.28,142270,164,uptrend2
2024-07-17 15:18:00+00:00,28.28,28.33,28.28,28.31,17327,69,uptrend2
2024-07-17 15:19:00+00:00,28.31,28.33,28.31,28.32,8666,40,downtrend1
2024-07-17 15:20:00+00:00,28.32,28.32,28.29,28.29,21549,51,uptrend1
2024-07-17 15:21:00+00:00,28.29,28.35,28.28,28.34,55642,95,downtrend1
2024-07-17 15:22:00+00:00,28.34,28.34,28.27,28.3,28437,95,uptrend2
2024-07-17 15:23:00+00:00,28.31,28.35,28.31,28.33,10027,33,uptrend2
2024-07-17 15:24:00+00:00,28.33,28.34,28.32,28.34,13654,49,uptrend2
2024-07-17 15:25:00+00:00,28.34,28.34,28.32,28.34,4248,45,downtrend1
2024-07-17 15:26:00+00:00,28.33,28.35,28.31,28.32,5543,48,uptrend3
2024-07-17 15:27:00+00:00,28.32,28.36,28.31,28.33,7616,52,uptrend3
2024-07-17 15:28:00+00:00,28.35,28.4,28.35,28.39,155664,236,uptrend3
2024-07-17 15:29:00+00:00,28.39,28.4,28.38,28.4,10530,55,downtrend4
2024-07-17 15:30:00+00:00,28.39,28.4,28.37,28.39,4702,52,downtrend4
2024-07-17 15:31:00+00:00,28.38,28.4,28.34,28.36,31710,57,downtrend4
2024-07-17 15:32:00+00:00,28.36,28.36,28.33,28.34,2590,28,downtrend4
2024-07-17 15:33:00+00:00,28.34,28.35,28.31,28.32,20728,73,uptrend2
2024-07-17 15:34:00+00:00,28.33,28.37,28.33,28.37,4415,52,uptrend2
2024-07-17 15:35:00+00:00,28.36,28.41,28.35,28.4,41641,92,downtrend1
2024-07-17 15:36:00+00:00,28.4,28.41,28.38,28.39,19653,67,uptrend1
2024-07-17 15:37:00+00:00,28.4,28.45,28.4,28.45,48068,98,downtrend1
2024-07-17 15:38:00+00:00,28.44,28.48,28.43,28.44,29807,110,downtrend1
2024-07-17 15:39:00+00:00,28.44,28.45,28.42,28.44,13640,71,downtrend1
2024-07-17 15:40:00+00:00,28.43,28.44,28.38,28.38,20096,57,downtrend1
2024-07-17 15:41:00+00:00,28.38,28.4,28.37,28.38,34353,74,downtrend6
2024-07-17 15:42:00+00:00,28.37,28.38,28.3,28.31,68294,128,downtrend6
2024-07-17 15:43:00+00:00,28.31,28.33,28.26,28.27,53625,108,downtrend6
2024-07-17 15:44:00+00:00,28.27,28.29,28.26,28.26,9294,73,downtrend6
2024-07-17 15:45:00+00:00,28.26,28.27,28.19,28.19,55756,140,downtrend6
2024-07-17 15:46:00+00:00,28.2,28.22,28.17,28.17,33250,111,downtrend6
2024-07-17 15:47:00+00:00,28.17,28.19,28.14,28.14,36995,138,uptrend1
2024-07-17 15:48:00+00:00,28.15,28.19,28.15,28.15,64403,160,downtrend3
2024-07-17 15:49:00+00:00,28.16,28.17,28.12,28.13,69027,143,downtrend3
2024-07-17 15:50:00+00:00,28.13,28.13,28.04,28.06,197719,310,downtrend3
2024-07-17 15:51:00+00:00,28.06,28.07,27.98,28.02,193364,1126,uptrend1
2024-07-17 15:52:00+00:00,28.03,28.11,28.01,28.09,418120,567,uptrend1
2024-07-17 15:53:00+00:00,28.09,28.13,28.09,28.09,63625,146,uptrend1
2024-07-17 15:54:00+00:00,28.1,28.16,28.1,28.15,35547,92,downtrend3
2024-07-17 15:55:00+00:00,28.15,28.17,28.08,28.11,48525,151,downtrend3
2024-07-17 15:56:00+00:00,28.1,28.11,28.07,28.08,43762,108,downtrend3
2024-07-17 15:57:00+00:00,28.08,28.1,28.02,28.02,63116,110,uptrend1
2024-07-17 15:58:00+00:00,28.03,28.04,28.01,28.03,92722,134,downtrend2
2024-07-17 15:59:00+00:00,28.03,28.06,28.02,28.02,24185,73,downtrend2
2024-07-17 16:00:00+00:00,28.02,28.02,27.89,27.92,358390,532,uptrend1
2024-07-17 16:01:00+00:00,27.92,27.97,27.9,27.96,390679,559,downtrend1
2024-07-17 16:02:00+00:00,27.96,27.98,27.87,27.89,65658,206,uptrend2
2024-07-17 16:03:00+00:00,27.88,27.96,27.88,27.93,62619,148,uptrend2
2024-07-17 16:04:00+00:00,27.93,28.01,27.93,27.99,82697,202,downtrend2
2024-07-17 16:05:00+00:00,28.0,28.03,27.93,27.94,91033,215,downtrend2
2024-07-17 16:06:00+00:00,27.94,27.94,27.91,27.92,32630,92,downtrend2
2024-07-17 16:07:00+00:00,27.92,27.94,27.9,27.92,28258,90,downtrend1
2024-07-17 16:08:00+00:00,27.92,27.92,27.79,27.81,217571,424,uptrend1
2024-07-17 16:09:00+00:00,27.81,27.92,27.81,27.91,133565,197,downtrend4
2024-07-17 16:10:00+00:00,27.9,27.91,27.84,27.88,54148,130,downtrend4
2024-07-17 16:11:00+00:00,27.88,27.88,27.79,27.81,123637,221,downtrend4
2024-07-17 16:12:00+00:00,27.82,27.83,27.73,27.79,168284,496,downtrend4
2024-07-17 16:13:00+00:00,27.79,27.82,27.72,27.73,152758,412,uptrend1
2024-07-17 16:14:00+00:00,27.74,27.76,27.68,27.74,200318,381,downtrend2
2024-07-17 16:15:00+00:00,27.74,27.75,27.66,27.68,65228,216,downtrend2
2024-07-17 16:16:00+00:00,27.68,27.69,27.59,27.67,215659,569,uptrend1
2024-07-17 16:17:00+00:00,27.68,27.77,27.67,27.75,169314,298,downtrend2
2024-07-17 16:18:00+00:00,27.74,27.77,27.69,27.72,76759,201,downtrend2
2024-07-17 16:19:00+00:00,27.72,27.72,27.64,27.67,140388,169,uptrend2
2024-07-17 16:20:00+00:00,27.68,27.74,27.67,27.71,81047,310,uptrend2
2024-07-17 16:21:00+00:00,27.71,27.75,27.7,27.74,18959,132,downtrend2
2024-07-17 16:22:00+00:00,27.74,27.76,27.72,27.73,32078,124,downtrend2
2024-07-17 16:23:00+00:00,27.72,27.73,27.65,27.68,128388,185,uptrend1
2024-07-17 16:24:00+00:00,27.67,27.73,27.67,27.69,75176,207,downtrend1
2024-07-17 16:25:00+00:00,27.69,27.69,27.58,27.63,175393,305,uptrend2
2024-07-17 16:26:00+00:00,27.63,27.67,27.6,27.66,234879,357,uptrend2
2024-07-17 16:27:00+00:00,27.66,27.73,27.65,27.71,153162,157,downtrend1
2024-07-17 16:28:00+00:00,27.71,27.71,27.66,27.68,21280,82,uptrend1
2024-07-17 16:29:00+00:00,27.68,27.69,27.67,27.69,75952,92,downtrend2
2024-07-17 16:30:00+00:00,27.68,27.71,27.67,27.68,61198,117,downtrend2
2024-07-17 16:31:00+00:00,27.68,27.69,27.57,27.6,142555,236,uptrend1
2024-07-17 16:32:00+00:00,27.6,27.64,27.58,27.62,94726,183,downtrend2
2024-07-17 16:33:00+00:00,27.63,27.64,27.6,27.61,38576,155,downtrend2
2024-07-17 16:34:00+00:00,27.61,27.61,27.56,27.59,85516,224,uptrend2
2024-07-17 16:35:00+00:00,27.58,27.62,27.56,27.61,61476,135,uptrend2
2024-07-17 16:36:00+00:00,27.62,27.65,27.6,27.62,34460,100,uptrend2
2024-07-17 16:37:00+00:00,27.63,27.63,27.6,27.62,68305,97,
2024-07-17 16:38:00+00:00,27.62,27.62,27.56,27.62,295993,703,downtrend2
2024-07-17 16:39:00+00:00,27.62,27.62,27.6,27.6,41003,120,downtrend2
2024-07-17 16:40:00+00:00,27.6,27.6,27.48,27.48,798577,1025,uptrend1
2024-07-17 16:41:00+00:00,27.49,27.53,27.47,27.51,110958,175,downtrend1
2024-07-17 16:42:00+00:00,27.52,27.52,27.45,27.45,72526,325,uptrend1
2024-07-17 16:43:00+00:00,27.45,27.54,27.44,27.53,79110,176,downtrend1
2024-07-17 16:44:00+00:00,27.53,27.54,27.47,27.5,55271,150,uptrend1
2024-07-17 16:45:00+00:00,27.5,27.62,27.49,27.61,128547,229,uptrend1
2024-07-17 16:46:00+00:00,27.62,27.62,27.54,27.61,322591,622,uptrend3
2024-07-17 16:47:00+00:00,27.61,27.65,27.6,27.63,401303,567,uptrend3
2024-07-17 16:48:00+00:00,27.64,27.7,27.64,27.67,308708,486,uptrend3
2024-07-17 16:49:00+00:00,27.68,27.74,27.68,27.73,231232,235,downtrend2
2024-07-17 16:50:00+00:00,27.73,27.75,27.7,27.71,191221,327,downtrend2
2024-07-17 16:51:00+00:00,27.71,27.72,27.67,27.69,46937,162,uptrend4
2024-07-17 16:52:00+00:00,27.69,27.73,27.67,27.72,49457,211,uptrend4
2024-07-17 16:53:00+00:00,27.73,27.76,27.71,27.75,68260,184,uptrend4
2024-07-17 16:54:00+00:00,27.75,27.77,27.72,27.76,41132,96,uptrend4
2024-07-17 16:55:00+00:00,27.76,27.79,27.76,27.78,23302,72,downtrend1
2024-07-17 16:56:00+00:00,27.78,27.79,27.75,27.75,14379,67,uptrend2
2024-07-17 16:57:00+00:00,27.76,27.79,27.76,27.78,12751,38,uptrend2
2024-07-17 16:58:00+00:00,27.78,27.85,27.78,27.84,137506,191,downtrend1
2024-07-17 16:59:00+00:00,27.84,27.84,27.8,27.8,13855,63,uptrend1
2024-07-17 17:00:00+00:00,27.8,27.84,27.79,27.84,79953,110,downtrend1
2024-07-17 17:01:00+00:00,27.83,27.84,27.81,27.83,25557,60,uptrend1
2024-07-17 17:02:00+00:00,27.82,27.88,27.81,27.84,239608,256,downtrend1
2024-07-17 17:03:00+00:00,27.84,27.84,27.79,27.81,460934,377,uptrend1
2024-07-17 17:04:00+00:00,27.81,27.85,27.8,27.84,83249,134,downtrend2
2024-07-17 17:05:00+00:00,27.84,27.84,27.79,27.79,25424,66,downtrend2
2024-07-17 17:06:00+00:00,27.79,27.8,27.72,27.74,117772,127,uptrend1
2024-07-17 17:07:00+00:00,27.75,27.79,27.74,27.75,14433,64,downtrend2
2024-07-17 17:08:00+00:00,27.76,27.76,27.7,27.71,22371,53,downtrend2
2024-07-17 17:09:00+00:00,27.71,27.72,27.68,27.68,35302,60,downtrend2
2024-07-17 17:10:00+00:00,27.68,27.7,27.66,27.68,102659,102,uptrend1
2024-07-17 17:11:00+00:00,27.69,27.74,27.69,27.74,22516,62,downtrend3
2024-07-17 17:12:00+00:00,27.74,27.74,27.69,27.7,26012,70,downtrend3
2024-07-17 17:13:00+00:00,27.69,27.7,27.67,27.69,29900,43,downtrend3
2024-07-17 17:14:00+00:00,27.69,27.69,27.64,27.65,69052,137,uptrend2
2024-07-17 17:15:00+00:00,27.66,27.7,27.66,27.69,26712,76,uptrend2
2024-07-17 17:16:00+00:00,27.69,27.74,27.68,27.74,20216,85,downtrend2
2024-07-17 17:17:00+00:00,27.74,27.74,27.7,27.71,27477,63,downtrend2
2024-07-17 17:18:00+00:00,27.71,27.73,27.7,27.7,60907,191,uptrend1
2024-07-17 17:19:00+00:00,27.71,27.73,27.7,27.72,12881,41,downtrend1
2024-07-17 17:20:00+00:00,27.71,27.72,27.69,27.71,51894,75,uptrend1
2024-07-17 17:21:00+00:00,27.71,27.73,27.69,27.72,4946,32,uptrend1
2024-07-17 17:22:00+00:00,27.73,27.73,27.71,27.72,13857,42,uptrend1
2024-07-17 17:23:00+00:00,27.73,27.78,27.73,27.78,20137,47,downtrend1
2024-07-17 17:24:00+00:00,27.77,27.79,27.76,27.76,10929,58,uptrend1
2024-07-17 17:25:00+00:00,27.77,27.79,27.77,27.77,3087,37,uptrend1
2024-07-17 17:26:00+00:00,27.77,27.79,27.77,27.77,4485,36,uptrend5
2024-07-17 17:27:00+00:00,27.78,27.8,27.78,27.8,7921,27,uptrend5
2024-07-17 17:28:00+00:00,27.79,27.81,27.79,27.81,2565,36,uptrend5
2024-07-17 17:29:00+00:00,27.81,27.83,27.81,27.83,16668,29,uptrend5
2024-07-17 17:30:00+00:00,27.83,27.86,27.82,27.85,59646,77,uptrend5
2024-07-17 17:31:00+00:00,27.85,27.88,27.83,27.88,24056,56,downtrend1
2024-07-17 17:32:00+00:00,27.87,27.87,27.85,27.86,16896,40,uptrend1
2024-07-17 17:33:00+00:00,27.87,27.9,27.87,27.89,42915,68,downtrend1
2024-07-17 17:34:00+00:00,27.88,27.88,27.87,27.88,8323,36,uptrend1
2024-07-17 17:35:00+00:00,27.88,27.9,27.86,27.9,174832,135,downtrend1
2024-07-17 17:36:00+00:00,27.89,27.9,27.85,27.89,168598,212,downtrend1
2024-07-17 17:37:00+00:00,27.89,27.91,27.89,27.89,19070,39,uptrend1
2024-07-17 17:38:00+00:00,27.9,27.93,27.9,27.92,9860,59,uptrend1
2024-07-17 17:39:00+00:00,27.93,27.93,27.9,27.92,10967,35,downtrend2
2024-07-17 17:40:00+00:00,27.91,27.92,27.87,27.89,15353,52,downtrend2
2024-07-17 17:41:00+00:00,27.88,27.89,27.87,27.87,28774,31,uptrend2
2024-07-17 17:42:00+00:00,27.88,27.92,27.87,27.9,33242,55,uptrend2
2024-07-17 17:43:00+00:00,27.91,27.91,27.9,27.91,2728,19,downtrend3
2024-07-17 17:44:00+00:00,27.91,27.92,27.89,27.89,9249,37,downtrend3
2024-07-17 17:45:00+00:00,27.89,27.89,27.86,27.86,15850,56,downtrend3
2024-07-17 17:46:00+00:00,27.85,27.85,27.82,27.82,18848,61,downtrend3
2024-07-17 17:47:00+00:00,27.82,27.84,27.82,27.82,6362,19,
2024-07-17 17:48:00+00:00,27.83,27.84,27.82,27.82,6912,13,uptrend1
2024-07-17 17:49:00+00:00,27.82,27.84,27.82,27.83,4911,23,downtrend1
2024-07-17 17:50:00+00:00,27.82,27.83,27.79,27.79,22964,66,uptrend1
2024-07-17 17:51:00+00:00,27.79,27.8,27.76,27.8,70502,104,downtrend1
2024-07-17 17:52:00+00:00,27.8,27.81,27.77,27.79,27339,49,uptrend1
2024-07-17 17:53:00+00:00,27.79,27.82,27.79,27.81,15108,23,downtrend1
2024-07-17 17:54:00+00:00,27.81,27.81,27.79,27.79,2443,17,uptrend2
2024-07-17 17:55:00+00:00,27.79,27.8,27.79,27.8,2058,23,uptrend2
2024-07-17 17:56:00+00:00,27.8,27.82,27.8,27.81,2860,20,downtrend1
2024-07-17 17:57:00+00:00,27.81,27.81,27.79,27.8,2437,46,downtrend1
2024-07-17 17:58:00+00:00,27.8,27.8,27.79,27.8,3145,18,downtrend2
2024-07-17 17:59:00+00:00,27.79,27.8,27.78,27.79,31155,56,downtrend2
2024-07-17 18:00:00+00:00,27.8,27.8,27.77,27.77,7044,34,uptrend1
2024-07-17 18:01:00+00:00,27.78,27.78,27.76,27.78,3101,29,downtrend1
2024-07-17 18:02:00+00:00,27.77,27.78,27.75,27.77,3913,44,uptrend1
2024-07-17 18:03:00+00:00,27.77,27.81,27.76,27.81,34946,49,downtrend1
2024-07-17 18:04:00+00:00,27.81,27.81,27.78,27.79,9796,25,uptrend1
2024-07-17 18:05:00+00:00,27.79,27.84,27.79,27.84,22476,35,downtrend1
2024-07-17 18:06:00+00:00,27.83,27.83,27.81,27.82,8964,24,uptrend1
2024-07-17 18:07:00+00:00,27.82,27.83,27.82,27.83,8199,19,uptrend1
2024-07-17 18:08:00+00:00,27.83,27.84,27.83,27.83,11938,34,uptrend2
2024-07-17 18:09:00+00:00,27.84,27.85,27.84,27.85,19866,21,uptrend2
2024-07-17 18:10:00+00:00,27.84,27.87,27.84,27.87,14919,21,uptrend2
2024-07-17 18:11:00+00:00,27.85,27.88,27.85,27.87,13295,25,
2024-07-17 18:12:00+00:00,27.86,27.87,27.85,27.87,1034,19,downtrend2
2024-07-17 18:13:00+00:00,27.87,27.87,27.86,27.86,5371,17,downtrend2
2024-07-17 18:14:00+00:00,27.85,27.87,27.84,27.84,4541,42,uptrend2
2024-07-17 18:15:00+00:00,27.85,27.88,27.85,27.87,5538,38,uptrend2
2024-07-17 18:16:00+00:00,27.87,27.89,27.87,27.89,12886,41,uptrend2
2024-07-17 18:17:00+00:00,27.88,27.9,27.88,27.89,5630,31,
2024-07-17 18:18:00+00:00,27.9,27.9,27.88,27.89,2768,14,uptrend1
2024-07-17 18:19:00+00:00,27.9,27.91,27.9,27.91,2568,12,uptrend1
2024-07-17 18:20:00+00:00,27.91,27.92,27.9,27.91,39225,46,
2024-07-17 18:21:00+00:00,27.91,27.91,27.9,27.91,34544,61,uptrend1
2024-07-17 18:22:00+00:00,27.91,27.92,27.91,27.92,3886,21,downtrend1
2024-07-17 18:23:00+00:00,27.92,27.92,27.9,27.9,6323,15,uptrend2
2024-07-17 18:24:00+00:00,27.91,27.93,27.91,27.91,41804,57,uptrend2
2024-07-17 18:25:00+00:00,27.92,27.93,27.92,27.93,5553,12,downtrend1
2024-07-17 18:26:00+00:00,27.93,27.93,27.91,27.92,4139,24,downtrend1
2024-07-17 18:27:00+00:00,27.92,27.92,27.91,27.92,6135,28,downtrend1
2024-07-17 18:28:00+00:00,27.92,27.93,27.9,27.91,5748,25,uptrend1
2024-07-17 18:29:00+00:00,27.91,27.93,27.91,27.92,2452,17,downtrend1
2024-07-17 18:30:00+00:00,27.93,27.93,27.91,27.91,46544,68,uptrend1
2024-07-17 18:31:00+00:00,27.92,27.93,27.92,27.92,5450,24,uptrend1
2024-07-17 18:32:00+00:00,27.92,27.93,27.91,27.92,4310,17,downtrend2
2024-07-17 18:33:00+00:00,27.92,27.92,27.86,27.88,59172,99,downtrend2
2024-07-17 18:34:00+00:00,27.87,27.88,27.86,27.87,17379,46,uptrend5
2024-07-17 18:35:00+00:00,27.86,27.91,27.86,27.91,12842,41,uptrend5
2024-07-17 18:36:00+00:00,27.92,27.94,27.91,27.93,14029,50,uptrend5
2024-07-17 18:37:00+00:00,27.94,27.95,27.93,27.94,13634,29,uptrend5
2024-07-17 18:38:00+00:00,27.94,27.96,27.93,27.95,59918,74,uptrend5
2024-07-17 18:39:00+00:00,27.95,27.97,27.95,27.97,921,24,uptrend5
2024-07-17 18:40:00+00:00,27.97,27.98,27.96,27.97,82985,90,downtrend1
2024-07-17 18:41:00+00:00,27.97,27.98,27.96,27.96,3838,42,downtrend1
2024-07-17 18:42:00+00:00,27.96,27.97,27.95,27.96,6019,61,
2024-07-17 18:43:00+00:00,27.95,27.97,27.95,27.96,4658,26,uptrend1
2024-07-17 18:44:00+00:00,27.96,27.99,27.96,27.97,12723,37,uptrend1
2024-07-17 18:45:00+00:00,27.97,27.99,27.96,27.97,136033,248,uptrend2
2024-07-17 18:46:00+00:00,27.96,27.99,27.96,27.98,4040,30,uptrend2
2024-07-17 18:47:00+00:00,27.98,27.99,27.98,27.99,6234,24,uptrend2
2024-07-17 18:48:00+00:00,27.98,28.0,27.98,27.99,16742,35,downtrend2
2024-07-17 18:49:00+00:00,27.99,27.99,27.97,27.97,13442,34,downtrend2
2024-07-17 18:50:00+00:00,27.97,27.97,27.96,27.96,3572,25,uptrend2
2024-07-17 18:51:00+00:00,27.97,27.98,27.96,27.98,8961,35,uptrend2
2024-07-17 18:52:00+00:00,27.98,27.99,27.97,27.99,4824,31,uptrend2
2024-07-17 18:53:00+00:00,27.98,28.01,27.97,27.99,23430,310,downtrend1
2024-07-17 18:54:00+00:00,27.99,27.99,27.96,27.97,10920,30,uptrend1
2024-07-17 18:55:00+00:00,27.97,27.98,27.97,27.98,19230,31,uptrend1
2024-07-17 18:56:00+00:00,27.98,27.99,27.97,27.98,1086,9,downtrend1
2024-07-17 18:57:00+00:00,27.98,27.98,27.93,27.93,44579,67,downtrend1
2024-07-17 18:58:00+00:00,27.93,27.94,27.93,27.93,7622,25,uptrend2
2024-07-17 18:59:00+00:00,27.92,27.96,27.92,27.95,11350,40,uptrend2
2024-07-17 19:00:00+00:00,27.95,27.97,27.95,27.97,10242,48,uptrend2
2024-07-17 19:01:00+00:00,27.97,27.98,27.96,27.97,11462,40,uptrend1
2024-07-17 19:02:00+00:00,27.96,27.98,27.96,27.98,1471,20,downtrend1
2024-07-17 19:03:00+00:00,27.98,27.98,27.95,27.96,12013,45,downtrend1
2024-07-17 19:04:00+00:00,27.97,27.98,27.96,27.96,11252,28,downtrend1
2024-07-17 19:05:00+00:00,27.96,27.97,27.94,27.95,4473,33,downtrend1
2024-07-17 19:06:00+00:00,27.96,27.97,27.94,27.95,18230,42,uptrend2
2024-07-17 19:07:00+00:00,27.95,27.97,27.95,27.97,898,12,uptrend2
2024-07-17 19:08:00+00:00,27.97,27.99,27.96,27.99,115507,57,downtrend1
2024-07-17 19:09:00+00:00,27.99,27.99,27.96,27.96,14333,36,uptrend1
2024-07-17 19:10:00+00:00,27.96,27.97,27.96,27.97,18413,50,uptrend1
2024-07-17 19:11:00+00:00,27.98,28.0,27.96,27.97,9240,61,uptrend2
2024-07-17 19:12:00+00:00,27.98,27.99,27.98,27.98,3454,22,uptrend2
2024-07-17 19:13:00+00:00,27.99,28.0,27.99,27.99,7478,19,downtrend1
2024-07-17 19:14:00+00:00,27.99,27.99,27.98,27.98,8663,16,uptrend1
2024-07-17 19:15:00+00:00,27.98,28.0,27.98,27.99,5717,48,downtrend2
2024-07-17 19:16:00+00:00,28.0,28.01,27.95,27.95,17252,47,downtrend2
2024-07-17 19:17:00+00:00,27.95,27.96,27.92,27.92,13308,49,uptrend4
2024-07-17 19:18:00+00:00,27.92,27.93,27.91,27.93,10820,31,uptrend4
2024-07-17 19:19:00+00:00,27.94,27.95,27.93,27.94,6182,33,uptrend4
2024-07-17 19:20:00+00:00,27.94,27.95,27.94,27.95,1221,17,uptrend4
2024-07-17 19:21:00+00:00,27.95,28.02,27.95,28.01,131643,136,downtrend2
2024-07-17 19:22:00+00:00,28.02,28.02,27.98,28.0,18405,40,downtrend2
2024-07-17 19:23:00+00:00,27.99,28.02,27.99,27.99,11810,39,uptrend1
2024-07-17 19:24:00+00:00,28.01,28.02,27.99,28.0,59667,112,uptrend1
2024-07-17 19:25:00+00:00,27.99,28.01,27.99,28.0,7982,25,downtrend2
2024-07-17 19:26:00+00:00,28.0,28.0,27.99,27.99,4379,22,downtrend2
2024-07-17 19:27:00+00:00,27.98,27.98,27.96,27.98,5543,25,uptrend1
2024-07-17 19:28:00+00:00,27.99,28.02,27.99,28.0,9534,32,downtrend1
2024-07-17 19:29:00+00:00,28.0,28.0,27.98,27.98,10430,18,uptrend2
2024-07-17 19:30:00+00:00,27.98,28.01,27.98,28.0,34043,61,uptrend2
2024-07-17 19:31:00+00:00,28.01,28.02,28.0,28.02,9385,35,uptrend2
2024-07-17 19:32:00+00:00,28.02,28.03,28.01,28.02,16192,41,downtrend3
2024-07-17 19:33:00+00:00,28.02,28.02,27.98,28.0,20858,53,downtrend3
2024-07-17 19:34:00+00:00,28.01,28.02,27.98,27.99,13333,33,downtrend3
2024-07-17 19:35:00+00:00,27.99,27.99,27.96,27.97,20211,35,uptrend1
2024-07-17 19:36:00+00:00,27.97,27.99,27.97,27.99,7536,24,downtrend1
2024-07-17 19:37:00+00:00,27.99,28.0,27.98,27.98,9331,21,uptrend1
2024-07-17 19:38:00+00:00,27.99,28.0,27.99,27.99,3657,11,downtrend2
2024-07-17 19:39:00+00:00,28.0,28.0,27.97,27.97,2378,24,downtrend2
2024-07-17 19:40:00+00:00,27.97,27.98,27.95,27.95,15027,33,uptrend1
2024-07-17 19:41:00+00:00,27.96,27.96,27.94,27.96,29125,43,downtrend2
2024-07-17 19:42:00+00:00,27.97,27.97,27.94,27.94,2516,21,downtrend2
2024-07-17 19:43:00+00:00,27.94,27.94,27.91,27.92,31823,61,uptrend1
2024-07-17 19:44:00+00:00,27.92,27.95,27.92,27.94,25516,43,downtrend1
2024-07-17 19:45:00+00:00,27.95,27.96,27.93,27.93,15600,47,uptrend1
2024-07-17 19:46:00+00:00,27.93,27.94,27.92,27.94,13202,39,uptrend1
2024-07-17 19:47:00+00:00,27.93,27.94,27.92,27.94,18308,41,uptrend1
2024-07-17 19:48:00+00:00,27.93,27.97,27.93,27.97,24777,57,uptrend1
2024-07-17 19:49:00+00:00,27.96,27.97,27.96,27.97,8827,28,uptrend1
2024-07-17 19:50:00+00:00,27.97,28.02,27.97,28.02,66163,92,downtrend1
2024-07-17 19:51:00+00:00,28.01,28.02,28.0,28.01,29004,54,uptrend1
2024-07-17 19:52:00+00:00,28.01,28.03,28.01,28.02,20853,33,uptrend1
2024-07-17 19:53:00+00:00,28.02,28.03,28.01,28.02,12731,35,downtrend2
2024-07-17 19:54:00+00:00,28.01,28.02,27.98,27.98,18073,60,downtrend2
2024-07-17 19:55:00+00:00,27.98,27.98,27.91,27.93,191688,267,downtrend2
2024-07-17 19:56:00+00:00,27.92,27.94,27.92,27.93,26300,43,downtrend5
2024-07-17 19:57:00+00:00,27.93,27.93,27.92,27.92,8444,16,downtrend5
2024-07-17 19:58:00+00:00,27.92,27.92,27.91,27.91,17583,23,downtrend5
2024-07-17 19:59:00+00:00,27.91,27.91,27.87,27.88,46320,91,downtrend5
2024-07-17 20:00:00+00:00,27.88,27.88,27.85,27.85,28514,64,downtrend5
2024-07-17 20:01:00+00:00,27.85,27.86,27.84,27.84,16116,36,downtrend5
2024-07-17 20:02:00+00:00,27.85,27.85,27.83,27.84,22735,43,uptrend1
2024-07-17 20:03:00+00:00,27.84,27.86,27.84,27.85,31543,60,uptrend1
2024-07-17 20:04:00+00:00,27.84,27.86,27.84,27.85,11868,33,downtrend1
2024-07-17 20:05:00+00:00,27.84,27.85,27.83,27.84,14174,51,uptrend1
2024-07-17 20:06:00+00:00,27.85,27.9,27.85,27.88,117634,138,downtrend1
2024-07-17 20:07:00+00:00,27.88,27.88,27.86,27.87,22034,35,uptrend1
2024-07-17 20:08:00+00:00,27.87,27.92,27.87,27.92,81604,89,downtrend1
2024-07-17 20:09:00+00:00,27.91,27.91,27.9,27.9,16098,26,downtrend1
2024-07-17 20:10:00+00:00,27.9,27.9,27.89,27.9,9717,21,downtrend3
2024-07-17 20:11:00+00:00,27.89,27.9,27.89,27.89,11364,24,downtrend3
2024-07-17 20:12:00+00:00,27.89,27.9,27.85,27.87,113811,216,downtrend3
2024-07-17 20:13:00+00:00,27.87,27.87,27.86,27.86,5978,17,uptrend1
2024-07-17 20:14:00+00:00,27.86,27.87,27.86,27.87,7915,22,downtrend1
2024-07-17 20:15:00+00:00,27.87,27.87,27.85,27.86,41614,48,uptrend1
2024-07-17 20:16:00+00:00,27.87,27.89,27.86,27.89,17427,44,downtrend2
2024-07-17 20:17:00+00:00,27.89,27.9,27.88,27.88,22599,39,downtrend2
2024-07-17 20:18:00+00:00,27.89,27.89,27.86,27.87,8597,28,uptrend3
2024-07-17 20:19:00+00:00,27.87,27.89,27.87,27.88,19011,41,uptrend3
2024-07-17 20:20:00+00:00,27.88,27.9,27.87,27.89,39978,52,uptrend3
2024-07-17 20:21:00+00:00,27.9,27.9,27.88,27.9,12969,42,uptrend3
2024-07-17 20:22:00+00:00,27.9,27.9,27.9,27.9,15042,29,uptrend1
2024-07-17 20:23:00+00:00,27.9,27.93,27.9,27.93,8133,38,downtrend1
2024-07-17 20:24:00+00:00,27.93,27.93,27.92,27.92,2971,6,uptrend1
2024-07-17 20:25:00+00:00,27.92,27.93,27.92,27.93,26259,39,downtrend1
2024-07-17 20:26:00+00:00,27.93,27.93,27.91,27.92,10050,27,uptrend2
2024-07-17 20:27:00+00:00,27.91,27.93,27.91,27.93,11059,22,uptrend2
2024-07-17 20:28:00+00:00,27.93,27.94,27.93,27.94,10652,35,uptrend2
2024-07-17 20:29:00+00:00,27.94,27.95,27.93,27.94,6526,26,downtrend3
2024-07-17 20:30:00+00:00,27.94,27.95,27.93,27.93,7803,32,downtrend3
2024-07-17 20:31:00+00:00,27.92,27.93,27.92,27.92,1501,12,downtrend3
2024-07-17 20:32:00+00:00,27.93,27.93,27.9,27.91,110382,224,downtrend3
2024-07-17 20:33:00+00:00,27.91,27.91,27.9,27.91,6845,11,downtrend1
2024-07-17 20:34:00+00:00,27.91,27.91,27.89,27.89,5406,24,uptrend2
2024-07-17 20:35:00+00:00,27.9,27.91,27.9,27.9,14096,53,uptrend2
2024-07-17 20:36:00+00:00,27.9,27.91,27.89,27.91,12754,28,downtrend1
2024-07-17 20:37:00+00:00,27.91,27.92,27.9,27.9,11838,66,uptrend1
2024-07-17 20:38:00+00:00,27.9,27.92,27.89,27.92,26929,41,downtrend2
2024-07-17 20:39:00+00:00,27.91,27.91,27.89,27.9,34667,69,downtrend2
2024-07-17 20:40:00+00:00,27.89,27.9,27.88,27.89,15419,29,uptrend1
2024-07-17 20:41:00+00:00,27.88,27.92,27.88,27.91,37174,53,downtrend1
2024-07-17 20:42:00+00:00,27.92,27.92,27.9,27.9,7288,29,downtrend1
2024-07-17 20:43:00+00:00,27.9,27.9,27.89,27.9,6570,19,uptrend1
2024-07-17 20:44:00+00:00,27.9,27.91,27.9,27.91,12626,33,downtrend1
2024-07-17 20:45:00+00:00,27.91,27.91,27.9,27.9,19930,48,downtrend1
2024-07-17 20:46:00+00:00,27.89,27.9,27.89,27.9,1418,10,downtrend1
2024-07-17 20:47:00+00:00,27.9,27.9,27.87,27.87,5763,21,uptrend1
2024-07-17 20:48:00+00:00,27.87,27.89,27.87,27.88,9365,19,downtrend1
2024-07-17 20:49:00+00:00,27.87,27.87,27.87,27.87,12407,19,uptrend1
2024-07-17 20:50:00+00:00,27.86,27.88,27.86,27.88,23487,26,downtrend1
2024-07-17 20:51:00+00:00,27.88,27.88,27.83,27.85,114673,178,uptrend1
2024-07-17 20:52:00+00:00,27.85,27.87,27.85,27.87,13772,79,downtrend2
2024-07-17 20:53:00+00:00,27.86,27.87,27.84,27.86,13478,56,downtrend2
2024-07-17 20:54:00+00:00,27.86,27.86,27.83,27.84,3688,32,downtrend2
2024-07-17 20:55:00+00:00,27.84,27.85,27.83,27.84,3148,34,
2024-07-17 20:56:00+00:00,27.84,27.84,27.83,27.84,1535,11,downtrend2
2024-07-17 20:57:00+00:00,27.84,27.84,27.81,27.81,31840,66,downtrend2
2024-07-17 20:58:00+00:00,27.81,27.81,27.76,27.76,101139,186,uptrend1
2024-07-17 20:59:00+00:00,27.77,27.79,27.77,27.77,37510,85,downtrend4
2024-07-17 21:00:00+00:00,27.77,27.77,27.71,27.71,118426,215,downtrend4
2024-07-17 21:01:00+00:00,27.7,27.71,27.67,27.68,33833,118,downtrend4
2024-07-17 21:02:00+00:00,27.68,27.69,27.61,27.62,81922,279,downtrend4
2024-07-17 21:03:00+00:00,27.62,27.66,27.59,27.61,76732,192,downtrend4
2024-07-17 21:04:00+00:00,27.61,27.63,27.6,27.61,11842,39,downtrend1
2024-07-17 21:05:00+00:00,27.61,27.62,27.58,27.6,53853,151,uptrend1
2024-07-17 21:06:00+00:00,27.61,27.66,27.61,27.66,46650,109,downtrend1
2024-07-17 21:07:00+00:00,27.65,27.65,27.63,27.63,63723,120,uptrend2
2024-07-17 21:08:00+00:00,27.63,27.67,27.62,27.67,155941,242,uptrend2
2024-07-17 21:09:00+00:00,27.67,27.7,27.67,27.68,71598,147,downtrend3
2024-07-17 21:10:00+00:00,27.67,27.67,27.66,27.66,42982,91,downtrend3
2024-07-17 21:11:00+00:00,27.65,27.65,27.58,27.59,56491,158,downtrend3
2024-07-17 21:12:00+00:00,27.58,27.6,27.53,27.58,101474,289,uptrend2
2024-07-17 21:13:00+00:00,27.58,27.6,27.56,27.6,46397,210,uptrend2
2024-07-17 21:14:00+00:00,27.6,27.61,27.58,27.61,20050,55,downtrend1
2024-07-17 21:15:00+00:00,27.6,27.6,27.57,27.59,31675,95,uptrend1
2024-07-17 21:16:00+00:00,27.59,27.63,27.59,27.62,36134,356,downtrend1
2024-07-17 21:17:00+00:00,27.61,27.61,27.58,27.6,19570,73,uptrend2
2024-07-17 21:18:00+00:00,27.61,27.62,27.61,27.62,15300,54,uptrend2
2024-07-17 21:19:00+00:00,27.62,27.65,27.62,27.64,68379,105,uptrend2
2024-07-17 21:20:00+00:00,27.64,27.65,27.63,27.64,69181,615,downtrend2
2024-07-17 21:21:00+00:00,27.65,27.66,27.62,27.62,75118,182,downtrend2
2024-07-17 21:22:00+00:00,27.62,27.62,27.59,27.6,197112,446,uptrend1
2024-07-17 21:23:00+00:00,27.6,27.61,27.6,27.61,52596,295,downtrend1
2024-07-17 21:24:00+00:00,27.6,27.61,27.6,27.6,27133,133,uptrend1
2024-07-17 21:25:00+00:00,27.6,27.62,27.58,27.62,27847,137,downtrend1
2024-07-17 21:26:00+00:00,27.61,27.61,27.59,27.59,6527,42,uptrend2
2024-07-17 21:27:00+00:00,27.58,27.61,27.58,27.61,28936,127,uptrend2
2024-07-17 21:28:00+00:00,27.61,27.62,27.6,27.62,105738,362,uptrend2
2024-07-17 21:29:00+00:00,27.62,27.62,27.62,27.62,2057,7,
2024-07-17 21:30:00+00:00,27.61,27.62,27.61,27.62,70043,92,downtrend1
2024-07-17 21:31:00+00:00,27.61,27.61,27.6,27.6,17202,30,uptrend4
2024-07-17 21:32:00+00:00,27.6,27.61,27.6,27.61,6009,13,uptrend4
2024-07-17 21:33:00+00:00,27.61,27.63,27.61,27.62,138857,249,uptrend4
2024-07-17 21:34:00+00:00,27.62,27.66,27.6,27.66,141691,236,uptrend4
2024-07-17 21:35:00+00:00,27.65,27.67,27.65,27.67,38196,38,uptrend4
2024-07-17 21:36:00+00:00,27.67,27.68,27.66,27.67,36813,85,uptrend2
2024-07-17 21:37:00+00:00,27.67,27.68,27.67,27.68,105054,577,uptrend2
2024-07-17 21:38:00+00:00,27.68,27.69,27.67,27.69,92108,308,uptrend2
2024-07-17 21:39:00+00:00,27.69,27.69,27.68,27.69,30203,235,
2024-07-17 21:40:00+00:00,27.68,27.69,27.68,27.69,20356,29,
2024-07-17 21:41:00+00:00,27.69,27.69,27.68,27.69,7352,14,uptrend1
2024-07-17 21:42:00+00:00,27.69,27.72,27.68,27.72,92364,173,uptrend1
2024-07-17 21:43:00+00:00,27.71,27.73,27.71,27.72,29610,79,uptrend1
2024-07-17 21:44:00+00:00,27.72,27.73,27.71,27.73,18405,37,downtrend3
2024-07-17 21:45:00+00:00,27.72,27.73,27.71,27.72,23305,56,downtrend3
2024-07-17 21:46:00+00:00,27.72,27.72,27.69,27.7,52590,255,downtrend3
2024-07-17 21:47:00+00:00,27.7,27.7,27.67,27.68,28264,44,downtrend3
2024-07-17 21:48:00+00:00,27.67,27.68,27.67,27.68,10960,12,
2024-07-17 21:49:00+00:00,27.68,27.68,27.67,27.68,4942,10,downtrend3
2024-07-17 21:50:00+00:00,27.67,27.68,27.66,27.67,6981,26,downtrend3
2024-07-17 21:51:00+00:00,27.67,27.67,27.65,27.66,56296,82,downtrend3
2024-07-17 21:52:00+00:00,27.65,27.65,27.58,27.59,211891,371,uptrend1
2024-07-17 21:53:00+00:00,27.59,27.61,27.59,27.61,121458,80,uptrend1
2024-07-17 21:54:00+00:00,27.61,27.62,27.61,27.61,141367,165,uptrend1
2024-07-17 21:55:00+00:00,27.62,27.62,27.61,27.62,17101,35,uptrend1
2024-07-17 21:56:00+00:00,27.61,27.63,27.61,27.62,60079,173,uptrend1
2024-07-17 21:57:00+00:00,27.62,27.65,27.62,27.64,80125,154,downtrend2
2024-07-17 21:58:00+00:00,27.64,27.64,27.63,27.63,13357,28,downtrend2
2024-07-17 21:59:00+00:00,27.63,27.63,27.58,27.6,78858,261,downtrend2
2024-07-17 22:00:00+00:00,27.59,27.62,27.58,27.6,97930,221,
2024-07-17 22:01:00+00:00,27.6,27.62,27.6,27.6,59886,182,
2024-07-17 22:02:00+00:00,27.59,27.6,27.58,27.6,18913,89,downtrend1
2024-07-17 22:03:00+00:00,27.6,27.6,27.57,27.58,21650,92,uptrend2
2024-07-17 22:04:00+00:00,27.58,27.61,27.56,27.59,171512,341,uptrend2
2024-07-17 22:05:00+00:00,27.59,27.6,27.58,27.6,28324,161,downtrend1
2024-07-17 22:06:00+00:00,27.59,27.59,27.57,27.59,37575,175,uptrend1
2024-07-17 22:07:00+00:00,27.59,27.65,27.59,27.63,137044,542,downtrend2
2024-07-17 22:08:00+00:00,27.62,27.62,27.59,27.59,17673,65,downtrend2
2024-07-17 22:09:00+00:00,27.59,27.59,27.49,27.5,90485,222,uptrend2
2024-07-17 22:10:00+00:00,27.51,27.53,27.5,27.52,100098,264,uptrend2
2024-07-17 22:11:00+00:00,27.52,27.56,27.52,27.56,55959,93,downtrend2
2024-07-17 22:12:00+00:00,27.56,27.57,27.53,27.53,64253,129,downtrend2
2024-07-17 22:13:00+00:00,27.53,27.53,27.45,27.46,105076,433,uptrend2
2024-07-17 22:14:00+00:00,27.46,27.5,27.46,27.49,43353,98,uptrend2
2024-07-17 22:15:00+00:00,27.49,27.53,27.49,27.53,18121,58,downtrend5
2024-07-17 22:16:00+00:00,27.52,27.54,27.51,27.52,44791,59,downtrend5
2024-07-17 22:17:00+00:00,27.51,27.51,27.45,27.5,134083,295,downtrend5
2024-07-17 22:18:00+00:00,27.49,27.52,27.48,27.49,64714,88,downtrend5
2024-07-17 22:19:00+00:00,27.49,27.49,27.45,27.47,46108,82,downtrend5
2024-07-17 22:20:00+00:00,27.47,27.49,27.46,27.46,105811,205,uptrend4
2024-07-17 22:21:00+00:00,27.46,27.48,27.46,27.47,32108,104,uptrend4
2024-07-17 22:22:00+00:00,27.46,27.48,27.46,27.48,25774,56,uptrend4
2024-07-17 22:23:00+00:00,27.48,27.5,27.48,27.49,38809,68,uptrend4
2024-07-17 22:24:00+00:00,27.49,27.52,27.48,27.51,26440,86,downtrend1
2024-07-17 22:25:00+00:00,27.51,27.52,27.49,27.49,59472,141,uptrend3
2024-07-17 22:26:00+00:00,27.48,27.51,27.48,27.5,19892,51,uptrend3
2024-07-17 22:27:00+00:00,27.5,27.51,27.5,27.51,9620,29,uptrend3
2024-07-17 22:28:00+00:00,27.51,27.53,27.48,27.52,19910,54,uptrend3
2024-07-17 22:29:00+00:00,27.52,27.54,27.51,27.52,24223,130,downtrend1
2024-07-17 22:30:00+00:00,27.52,27.52,27.5,27.51,25858,138,uptrend1
2024-07-17 22:31:00+00:00,27.51,27.52,27.49,27.52,63274,85,downtrend4
2024-07-17 22:32:00+00:00,27.52,27.54,27.51,27.51,26977,122,downtrend4
2024-07-17 22:33:00+00:00,27.51,27.52,27.5,27.5,9047,37,downtrend4
2024-07-17 22:34:00+00:00,27.5,27.52,27.49,27.49,92211,249,downtrend4
2024-07-17 22:35:00+00:00,27.48,27.48,27.37,27.4,222461,449,downtrend4
2024-07-17 22:36:00+00:00,27.4,27.41,27.39,27.4,19999,68,
2024-07-17 22:37:00+00:00,27.4,27.44,27.39,27.4,51248,109,uptrend1
2024-07-17 22:38:00+00:00,27.41,27.44,27.4,27.41,7766,69,downtrend1
2024-07-17 22:39:00+00:00,27.41,27.42,27.4,27.4,8959,36,uptrend1
2024-07-17 22:40:00+00:00,27.41,27.43,27.4,27.41,63846,104,uptrend1
2024-07-17 22:41:00+00:00,27.41,27.42,27.4,27.41,30084,62,uptrend1
2024-07-17 22:42:00+00:00,27.41,27.44,27.41,27.43,29300,82,uptrend1
2024-07-17 22:43:00+00:00,27.42,27.44,27.41,27.43,24238,69,uptrend1
2024-07-17 22:44:00+00:00,27.44,27.45,27.43,27.44,16043,37,downtrend2
2024-07-17 22:45:00+00:00,27.44,27.44,27.41,27.42,25744,78,downtrend2
2024-07-17 22:46:00+00:00,27.43,27.44,27.4,27.4,30085,87,downtrend2
2024-07-17 22:47:00+00:00,27.4,27.41,27.38,27.4,103498,118,
2024-07-17 22:48:00+00:00,27.4,27.41,27.38,27.4,18664,65,
2024-07-17 22:49:00+00:00,27.4,27.41,27.39,27.4,17566,36,
2024-07-17 22:50:00+00:00,27.4,27.41,27.4,27.4,8200,26,downtrend2
2024-07-17 22:51:00+00:00,27.41,27.41,27.37,27.38,83585,128,downtrend2
2024-07-17 22:52:00+00:00,27.37,27.37,27.34,27.36,88987,169,uptrend1
2024-07-17 22:53:00+00:00,27.35,27.38,27.35,27.37,18354,56,downtrend2
2024-07-17 22:54:00+00:00,27.36,27.38,27.35,27.36,15222,43,downtrend2
2024-07-17 22:55:00+00:00,27.35,27.37,27.34,27.35,120378,133,uptrend1
2024-07-17 22:56:00+00:00,27.35,27.36,27.35,27.36,11270,18,downtrend1
2024-07-17 22:57:00+00:00,27.35,27.35,27.33,27.33,19439,80,downtrend1
2024-07-17 22:58:00+00:00,27.34,27.34,27.32,27.33,62681,105,
2024-07-17 22:59:00+00:00,27.32,27.34,27.32,27.33,11538,31,uptrend3
2024-07-17 23:00:00+00:00,27.33,27.34,27.32,27.34,53350,103,uptrend3
2024-07-17 23:01:00+00:00,27.34,27.38,27.34,27.37,37162,69,uptrend3
2024-07-17 23:02:00+00:00,27.38,27.4,27.37,27.38,12723,48,uptrend3
2024-07-17 23:03:00+00:00,27.39,27.39,27.38,27.38,5420,19,downtrend1
2024-07-17 23:04:00+00:00,27.37,27.37,27.34,27.34,40903,80,downtrend1
2024-07-17 23:05:00+00:00,27.34,27.36,27.34,27.34,26999,70,downtrend2
2024-07-17 23:06:00+00:00,27.34,27.34,27.33,27.33,22683,68,downtrend2
2024-07-17 23:07:00+00:00,27.33,27.34,27.31,27.32,29864,80,uptrend1
2024-07-17 23:08:00+00:00,27.32,27.37,27.32,27.36,64842,60,downtrend1
2024-07-17 23:09:00+00:00,27.36,27.36,27.35,27.35,27878,69,uptrend1
2024-07-17 23:10:00+00:00,27.35,27.37,27.34,27.36,39462,39,downtrend2
2024-07-17 23:11:00+00:00,27.37,27.37,27.33,27.34,41971,84,downtrend2
2024-07-17 23:12:00+00:00,27.34,27.34,27.32,27.33,16331,43,uptrend1
2024-07-17 23:13:00+00:00,27.32,27.34,27.32,27.34,1150,13,downtrend1
2024-07-17 23:14:00+00:00,27.33,27.33,27.32,27.33,5957,20,uptrend2
2024-07-17 23:15:00+00:00,27.33,27.35,27.33,27.35,19974,48,uptrend2
2024-07-17 23:16:00+00:00,27.35,27.39,27.34,27.38,28547,82,downtrend1
2024-07-17 23:17:00+00:00,27.38,27.38,27.36,27.36,18118,67,uptrend1
2024-07-17 23:18:00+00:00,27.35,27.38,27.34,27.38,15817,53,downtrend2
2024-07-17 23:19:00+00:00,27.37,27.37,27.36,27.36,4564,35,downtrend2
2024-07-17 23:20:00+00:00,27.36,27.37,27.32,27.34,46701,166,downtrend2
2024-07-17 23:21:00+00:00,27.34,27.34,27.33,27.34,9422,37,uptrend1
2024-07-17 23:22:00+00:00,27.33,27.36,27.32,27.35,11626,35,downtrend1
2024-07-17 23:23:00+00:00,27.35,27.35,27.33,27.34,17927,38,uptrend3
2024-07-17 23:24:00+00:00,27.34,27.37,27.34,27.36,12070,53,uptrend3
2024-07-17 23:25:00+00:00,27.37,27.39,27.37,27.39,18011,57,uptrend3
2024-07-17 23:26:00+00:00,27.39,27.41,27.39,27.41,15803,37,downtrend2
2024-07-17 23:27:00+00:00,27.41,27.41,27.38,27.39,16663,59,downtrend2
2024-07-17 23:28:00+00:00,27.39,27.39,27.37,27.37,6452,26,uptrend2
2024-07-17 23:29:00+00:00,27.38,27.38,27.37,27.38,6159,19,uptrend2
2024-07-17 23:30:00+00:00,27.38,27.42,27.36,27.42,27607,66,uptrend2
2024-07-17 23:31:00+00:00,27.42,27.45,27.41,27.42,114893,168,downtrend2
2024-07-17 23:32:00+00:00,27.42,27.43,27.38,27.39,56926,143,downtrend2
2024-07-17 23:33:00+00:00,27.39,27.39,27.36,27.36,17035,43,downtrend2
2024-07-17 23:34:00+00:00,27.36,27.38,27.35,27.36,10864,41,uptrend1
2024-07-17 23:35:00+00:00,27.36,27.38,27.36,27.37,15663,53,uptrend1
2024-07-17 23:36:00+00:00,27.37,27.39,27.37,27.37,16273,63,downtrend2
2024-07-17 23:37:00+00:00,27.36,27.38,27.35,27.36,10952,42,downtrend2
2024-07-17 23:38:00+00:00,27.36,27.37,27.33,27.34,68679,100,downtrend2
2024-07-17 23:39:00+00:00,27.34,27.35,27.33,27.34,32953,68,uptrend1
2024-07-17 23:40:00+00:00,27.34,27.36,27.34,27.36,107604,85,downtrend2
2024-07-17 23:41:00+00:00,27.35,27.36,27.35,27.35,9771,20,downtrend2
2024-07-17 23:42:00+00:00,27.34,27.35,27.32,27.32,23721,60,uptrend1
2024-07-17 23:43:00+00:00,27.32,27.35,27.32,27.35,15089,26,downtrend1
2024-07-17 23:44:00+00:00,27.36,27.36,27.34,27.34,20204,39,downtrend1
2024-07-17 23:45:00+00:00,27.35,27.35,27.32,27.34,29454,48,
2024-07-17 23:46:00+00:00,27.34,27.35,27.32,27.34,14889,43,downtrend5
2024-07-17 23:47:00+00:00,27.33,27.33,27.31,27.33,7716,40,downtrend5
2024-07-17 23:48:00+00:00,27.33,27.33,27.29,27.31,40609,132,downtrend5
2024-07-17 23:49:00+00:00,27.31,27.32,27.29,27.29,16320,28,downtrend5
2024-07-17 23:50:00+00:00,27.3,27.3,27.28,27.28,5084,47,downtrend5
2024-07-17 23:51:00+00:00,27.29,27.3,27.26,27.27,37439,79,downtrend5
2024-07-17 23:52:00+00:00,27.27,27.28,27.27,27.27,4363,18,downtrend2
2024-07-17 23:53:00+00:00,27.26,27.27,27.24,27.25,14088,77,downtrend2
2024-07-17 23:54:00+00:00,27.25,27.25,27.22,27.23,8422,77,downtrend2
2024-07-17 23:55:00+00:00,27.23,27.23,27.21,27.23,35147,73,uptrend1
2024-07-17 23:56:00+00:00,27.23,27.26,27.23,27.26,33374,75,downtrend2
2024-07-17 23:57:00+00:00,27.26,27.26,27.24,27.25,8266,34,downtrend2
2024-07-17 23:58:00+00:00,27.24,27.26,27.23,27.23,98212,193,uptrend2
2024-07-17 23:59:00+00:00,27.22,27.24,27.22,27.24,17361,54,uptrend2
2024-07-18 00:00:00+00:00,27.24,27.29,27.23,27.29,64316,142,uptrend2
2024-07-18 00:01:00+00:00,27.3,27.31,27.27,27.29,71249,176,uptrend1
2024-07-18 00:02:00+00:00,27.29,27.34,27.29,27.33,59117,120,downtrend1
2024-07-18 00:03:00+00:00,27.34,27.34,27.3,27.32,26801,95,uptrend1
2024-07-18 00:04:00+00:00,27.32,27.34,27.32,27.34,15353,48,downtrend3
2024-07-18 00:05:00+00:00,27.34,27.37,27.33,27.33,41554,110,downtrend3
2024-07-18 00:06:00+00:00,27.33,27.33,27.28,27.28,28171,89,downtrend3
2024-07-18 00:07:00+00:00,27.28,27.29,27.25,27.25,42979,67,downtrend3
2024-07-18 00:08:00+00:00,27.26,27.29,27.24,27.25,48513,148,uptrend2
2024-07-18 00:09:00+00:00,27.26,27.29,27.26,27.26,36913,88,uptrend2
2024-07-18 00:10:00+00:00,27.27,27.32,27.27,27.31,87422,275,downtrend1
2024-07-18 00:11:00+00:00,27.3,27.3,27.24,27.25,11409,86,uptrend2
2024-07-18 00:12:00+00:00,27.25,27.3,27.25,27.27,26568,83,uptrend2
2024-07-18 00:13:00+00:00,27.27,27.28,27.24,27.28,99077,132,downtrend1
2024-07-18 00:14:00+00:00,27.28,27.29,27.25,27.25,45194,79,uptrend2
2024-07-18 00:15:00+00:00,27.25,27.31,27.25,27.3,42558,139,uptrend2
2024-07-18 00:16:00+00:00,27.3,27.34,27.3,27.32,57617,149,downtrend3
2024-07-18 00:17:00+00:00,27.31,27.32,27.3,27.3,31482,76,downtrend3
2024-07-18 00:18:00+00:00,27.3,27.32,27.26,27.27,33390,90,downtrend3
2024-07-18 00:19:00+00:00,27.27,27.29,27.26,27.26,61011,140,uptrend2
2024-07-18 00:20:00+00:00,27.26,27.27,27.24,27.27,48610,155,uptrend2
2024-07-18 00:21:00+00:00,27.27,27.3,27.26,27.3,14074,85,uptrend2
2024-07-18 00:22:00+00:00,27.29,27.3,27.29,27.3,7999,57,uptrend6
2024-07-18 00:23:00+00:00,27.3,27.32,27.3,27.32,13136,56,uptrend6
2024-07-18 00:24:00+00:00,27.32,27.36,27.31,27.36,44918,92,uptrend6
2024-07-18 00:25:00+00:00,27.37,27.39,27.35,27.39,18336,81,uptrend6
2024-07-18 00:26:00+00:00,27.39,27.41,27.38,27.4,16341,67,uptrend6
2024-07-18 00:27:00+00:00,27.4,27.42,27.4,27.41,14304,82,uptrend6
2024-07-18 00:28:00+00:00,27.41,27.45,27.41,27.45,17552,51,uptrend6
2024-07-18 00:29:00+00:00,27.44,27.45,27.42,27.45,1056,21,
2024-07-18 00:30:00+00:00,27.44,27.46,27.43,27.45,38437,144,uptrend4
2024-07-18 00:31:00+00:00,27.47,27.49,27.46,27.46,85560,150,uptrend4
2024-07-18 00:32:00+00:00,27.47,27.5,27.47,27.49,23596,50,uptrend4
2024-07-18 00:33:00+00:00,27.49,27.51,27.48,27.51,33353,43,uptrend4
2024-07-18 00:34:00+00:00,27.51,27.53,27.5,27.53,8190,32,uptrend4
2024-07-18 00:35:00+00:00,27.53,27.54,27.51,27.53,3209,29,uptrend1
2024-07-18 00:36:00+00:00,27.53,27.57,27.52,27.57,29741,82,downtrend1
2024-07-18 00:37:00+00:00,27.58,27.58,27.54,27.56,25278,47,uptrend3
2024-07-18 00:38:00+00:00,27.56,27.59,27.56,27.59,38278,87,uptrend3
2024-07-18 00:39:00+00:00,27.59,27.62,27.57,27.61,8271,80,uptrend3
2024-07-18 00:40:00+00:00,27.6,27.63,27.59,27.63,35821,95,downtrend2
2024-07-18 00:41:00+00:00,27.61,27.62,27.59,27.62,17699,59,downtrend2
2024-07-18 00:42:00+00:00,27.62,27.63,27.56,27.56,30183,70,uptrend3
2024-07-18 00:43:00+00:00,27.56,27.57,27.55,27.57,9185,36,uptrend3
2024-07-18 00:44:00+00:00,27.57,27.58,27.56,27.58,16454,41,uptrend3
2024-07-18 00:45:00+00:00,27.57,27.6,27.56,27.6,5872,37,uptrend3
2024-07-18 00:46:00+00:00,27.6,27.61,27.58,27.6,4885,64,downtrend2
2024-07-18 00:47:00+00:00,27.61,27.62,27.58,27.58,47333,88,downtrend2
2024-07-18 00:48:00+00:00,27.57,27.58,27.55,27.57,40716,62,downtrend2
2024-07-18 00:49:00+00:00,27.57,27.59,27.57,27.57,8884,45,uptrend1
2024-07-18 00:50:00+00:00,27.56,27.6,27.56,27.6,29693,53,uptrend1
2024-07-18 00:51:00+00:00,27.6,27.61,27.59,27.6,53722,57,uptrend2
2024-07-18 00:52:00+00:00,27.61,27.64,27.61,27.62,42414,71,uptrend2
2024-07-18 00:53:00+00:00,27.63,27.63,27.62,27.63,9640,28,downtrend1
2024-07-18 00:54:00+00:00,27.62,27.65,27.6,27.61,66476,122,uptrend2
2024-07-18 00:55:00+00:00,27.61,27.64,27.6,27.63,35102,57,uptrend2
2024-07-18 00:56:00+00:00,27.64,27.66,27.64,27.64,74596,117,downtrend3
2024-07-18 00:57:00+00:00,27.64,27.65,27.62,27.62,25297,55,downtrend3
2024-07-18 00:58:00+00:00,27.62,27.62,27.6,27.61,9681,41,downtrend3
2024-07-18 00:59:00+00:00,27.6,27.6,27.57,27.58,53046,54,uptrend1
2024-07-18 01:00:00+00:00,27.58,27.61,27.57,27.61,36585,95,uptrend1
2024-07-18 01:01:00+00:00,27.61,27.62,27.59,27.61,12679,77,downtrend2
2024-07-18 01:02:00+00:00,27.6,27.6,27.57,27.57,4713,61,downtrend2
2024-07-18 01:03:00+00:00,27.57,27.58,27.55,27.56,26296,62,uptrend1
2024-07-18 01:04:00+00:00,27.57,27.62,27.56,27.6,46394,117,downtrend1
2024-07-18 01:05:00+00:00,27.61,27.65,27.59,27.59,20001,95,uptrend1
2024-07-18 01:06:00+00:00,27.6,27.64,27.59,27.6,19275,69,uptrend1
2024-07-18 01:07:00+00:00,27.6,27.63,27.59,27.6,6253,49,uptrend1
2024-07-18 01:08:00+00:00,27.59,27.64,27.59,27.64,8635,50,uptrend1
2024-07-18 01:09:00+00:00,27.64,27.64,27.63,27.64,1393,25,downtrend3
2024-07-18 01:10:00+00:00,27.64,27.65,27.63,27.63,22130,42,downtrend3
2024-07-18 01:11:00+00:00,27.62,27.62,27.58,27.59,7643,33,downtrend3
2024-07-18 01:12:00+00:00,27.6,27.6,27.55,27.55,30444,63,uptrend1
2024-07-18 01:13:00+00:00,27.56,27.56,27.54,27.56,15411,50,uptrend1
2024-07-18 01:14:00+00:00,27.56,27.56,27.54,27.56,3105,29,uptrend2
2024-07-18 01:15:00+00:00,27.57,27.64,27.57,27.64,9193,40,uptrend2
2024-07-18 01:16:00+00:00,27.63,27.66,27.63,27.65,63940,82,downtrend1
2024-07-18 01:17:00+00:00,27.64,27.64,27.61,27.63,25994,70,uptrend1
2024-07-18 01:18:00+00:00,27.62,27.64,27.62,27.64,5333,26,downtrend1
2024-07-18 01:19:00+00:00,27.64,27.64,27.61,27.63,24339,49,downtrend1
2024-07-18 01:20:00+00:00,27.63,27.64,27.6,27.63,11856,54,uptrend1
2024-07-18 01:21:00+00:00,27.64,27.68,27.64,27.68,119662,101,downtrend1
2024-07-18 01:22:00+00:00,27.68,27.68,27.66,27.67,14136,59,uptrend1
2024-07-18 01:23:00+00:00,27.67,27.68,27.67,27.68,4868,28,downtrend2
2024-07-18 01:24:00+00:00,27.67,27.68,27.67,27.67,6851,22,downtrend2
2024-07-18 01:25:00+00:00,27.68,27.69,27.63,27.63,14871,57,uptrend1
2024-07-18 01:26:00+00:00,27.64,27.64,27.64,27.64,9,2,uptrend1
2024-07-18 01:27:00+00:00,27.64,27.65,27.62,27.64,5964,31,uptrend1
2024-07-18 01:28:00+00:00,27.66,27.67,27.66,27.67,957,9,uptrend1
2024-07-18 01:29:00+00:00,27.66,27.69,27.66,27.67,1118,27,downtrend3
2024-07-18 01:30:00+00:00,27.67,27.67,27.64,27.65,32870,60,downtrend3
2024-07-18 01:31:00+00:00,27.65,27.65,27.62,27.64,21380,44,downtrend3
2024-07-18 01:32:00+00:00,27.63,27.63,27.59,27.62,22319,49,downtrend3
2024-07-18 01:33:00+00:00,27.62,27.64,27.62,27.62,34405,39,
2024-07-18 01:34:00+00:00,27.62,27.62,27.59,27.62,25994,40,downtrend3
2024-07-18 01:35:00+00:00,27.61,27.62,27.6,27.6,2973,17,downtrend3
2024-07-18 01:36:00+00:00,27.59,27.6,27.56,27.58,18044,57,downtrend3
2024-07-18 01:37:00+00:00,27.59,27.59,27.55,27.56,41828,79,uptrend1
2024-07-18 01:38:00+00:00,27.56,27.6,27.56,27.6,10886,45,downtrend1
2024-07-18 01:39:00+00:00,27.6,27.6,27.57,27.59,13132,27,uptrend1
2024-07-18 01:40:00+00:00,27.58,27.6,27.58,27.6,1325,15,uptrend1
2024-07-18 01:41:00+00:00,27.61,27.62,27.59,27.6,4524,41,downtrend1
2024-07-18 01:42:00+00:00,27.6,27.63,27.59,27.59,17239,56,uptrend1
2024-07-18 01:43:00+00:00,27.59,27.66,27.58,27.65,175696,195,downtrend1
2024-07-18 01:44:00+00:00,27.65,27.68,27.64,27.64,19882,73,uptrend1
2024-07-18 01:45:00+00:00,27.64,27.66,27.63,27.65,52552,103,downtrend1
2024-07-18 01:46:00+00:00,27.64,27.68,27.63,27.64,7503,45,uptrend1
2024-07-18 01:47:00+00:00,27.65,27.69,27.64,27.69,90911,76,downtrend1
2024-07-18 01:48:00+00:00,27.68,27.69,27.67,27.67,9092,47,downtrend1
2024-07-18 01:49:00+00:00,27.67,27.68,27.66,27.67,23127,30,uptrend1
2024-07-18 01:50:00+00:00,27.67,27.69,27.66,27.68,8737,37,uptrend1
2024-07-18 01:51:00+00:00,27.67,27.68,27.66,27.68,12203,33,
2024-07-18 01:52:00+00:00,27.68,27.69,27.67,27.68,1967,21,downtrend3
2024-07-18 01:53:00+00:00,27.67,27.68,27.67,27.67,1774,13,downtrend3
2024-07-18 01:54:00+00:00,27.67,27.68,27.64,27.64,70933,95,downtrend3
2024-07-18 01:55:00+00:00,27.64,27.65,27.63,27.63,43025,56,uptrend1
2024-07-18 01:56:00+00:00,27.64,27.66,27.63,27.65,5042,50,uptrend1
2024-07-18 01:57:00+00:00,27.66,27.66,27.65,27.65,1708,28,downtrend1
2024-07-18 01:58:00+00:00,27.65,27.66,27.64,27.64,4882,27,uptrend4
2024-07-18 01:59:00+00:00,27.65,27.67,27.65,27.65,15747,44,uptrend4
2024-07-18 02:00:00+00:00,27.66,27.67,27.63,27.66,37500,72,uptrend4
2024-07-18 02:01:00+00:00,27.66,27.72,27.65,27.69,364095,320,uptrend4
2024-07-18 02:02:00+00:00,27.7,27.79,27.7,27.75,174636,408,downtrend4
2024-07-18 02:03:00+00:00,27.74,27.75,27.69,27.74,66516,79,downtrend4
2024-07-18 02:04:00+00:00,27.74,27.74,27.7,27.7,20308,60,downtrend4
2024-07-18 02:05:00+00:00,27.7,27.72,27.67,27.67,342485,147,downtrend4
2024-07-18 02:06:00+00:00,27.68,27.69,27.66,27.66,4524,48,uptrend1
2024-07-18 02:07:00+00:00,27.67,27.72,27.67,27.72,41260,72,downtrend1
2024-07-18 02:08:00+00:00,27.71,27.71,27.7,27.7,35037,62,downtrend1
2024-07-18 02:09:00+00:00,27.7,27.72,27.7,27.7,8724,49,downtrend3
2024-07-18 02:10:00+00:00,27.7,27.7,27.66,27.66,272366,137,downtrend3
2024-07-18 02:11:00+00:00,27.66,27.68,27.63,27.63,64975,91,downtrend3
2024-07-18 02:12:00+00:00,27.62,27.62,27.55,27.56,71295,159,uptrend1
2024-07-18 02:13:00+00:00,27.56,27.62,27.56,27.61,94570,129,downtrend1
2024-07-18 02:14:00+00:00,27.62,27.62,27.6,27.6,74866,75,uptrend1
2024-07-18 02:15:00+00:00,27.61,27.62,27.6,27.61,49055,98,downtrend3
2024-07-18 02:16:00+00:00,27.61,27.62,27.53,27.54,233963,241,downtrend3
2024-07-18 02:17:00+00:00,27.54,27.55,27.5,27.51,107777,190,downtrend3
2024-07-18 02:18:00+00:00,27.51,27.51,27.42,27.46,155035,307,uptrend2
2024-07-18 02:19:00+00:00,27.47,27.49,27.46,27.48,43562,85,uptrend2
2024-07-18 02:20:00+00:00,27.48,27.52,27.47,27.49,31398,51,downtrend1
2024-07-18 02:21:00+00:00,27.48,27.49,27.42,27.42,44052,75,uptrend5
2024-07-18 02:22:00+00:00,27.42,27.47,27.42,27.47,28921,92,uptrend5
2024-07-18 02:23:00+00:00,27.46,27.55,27.45,27.51,145895,239,uptrend5
2024-07-18 02:24:00+00:00,27.51,27.53,27.5,27.53,17707,73,uptrend5
2024-07-18 02:25:00+00:00,27.53,27.56,27.53,27.55,43116,59,uptrend5
2024-07-18 02:26:00+00:00,27.54,27.6,27.54,27.6,51345,89,downtrend1
2024-07-18 02:27:00+00:00,27.61,27.62,27.58,27.59,25961,61,uptrend1
2024-07-18 02:28:00+00:00,27.59,27.63,27.59,27.61,14533,44,downtrend3
2024-07-18 02:29:00+00:00,27.61,27.63,27.6,27.6,25882,41,downtrend3
2024-07-18 02:30:00+00:00,27.59,27.61,27.57,27.58,15790,86,downtrend3
2024-07-18 02:31:00+00:00,27.57,27.59,27.57,27.57,47024,43,uptrend3
2024-07-18 02:32:00+00:00,27.57,27.58,27.53,27.58,65241,79,uptrend3
2024-07-18 02:33:00+00:00,27.58,27.62,27.58,27.62,28584,68,uptrend3
2024-07-18 02:34:00+00:00,27.61,27.63,27.59,27.63,46234,79,downtrend3
2024-07-18 02:35:00+00:00,27.62,27.63,27.6,27.6,19654,39,downtrend3
2024-07-18 02:36:00+00:00,27.6,27.61,27.54,27.55,24672,56,downtrend3
2024-07-18 02:37:00+00:00,27.55,27.55,27.52,27.53,2760,29,uptrend1
2024-07-18 02:38:00+00:00,27.54,27.56,27.53,27.56,3563,56,uptrend1
2024-07-18 02:39:00+00:00,27.56,27.57,27.54,27.56,37790,64,downtrend1
2024-07-18 02:40:00+00:00,27.55,27.57,27.54,27.55,24234,28,downtrend1
2024-07-18 02:41:00+00:00,27.56,27.57,27.55,27.55,6508,23,uptrend1
2024-07-18 02:42:00+00:00,27.57,27.58,27.56,27.56,6848,18,downtrend1
2024-07-18 02:43:00+00:00,27.56,27.57,27.55,27.55,7739,13,uptrend1
2024-07-18 02:44:00+00:00,27.55,27.57,27.55,27.56,4973,23,downtrend1
2024-07-18 02:45:00+00:00,27.57,27.57,27.52,27.52,20512,54,uptrend3
2024-07-18 02:46:00+00:00,27.51,27.53,27.5,27.53,4935,22,uptrend3
2024-07-18 02:47:00+00:00,27.54,27.55,27.54,27.55,4339,22,uptrend3
2024-07-18 02:48:00+00:00,27.55,27.59,27.55,27.58,6931,31,downtrend2
2024-07-18 02:49:00+00:00,27.58,27.59,27.56,27.56,24058,67,downtrend2
2024-07-18 02:50:00+00:00,27.55,27.56,27.52,27.52,7146,44,uptrend4
2024-07-18 02:51:00+00:00,27.53,27.55,27.53,27.55,13397,48,uptrend4
2024-07-18 02:52:00+00:00,27.55,27.56,27.54,27.56,20591,24,uptrend4
2024-07-18 02:53:00+00:00,27.55,27.57,27.55,27.57,563,15,uptrend4
2024-07-18 02:54:00+00:00,27.57,27.6,27.57,27.58,5596,25,downtrend2
2024-07-18 02:55:00+00:00,27.58,27.59,27.55,27.57,16366,41,downtrend2
2024-07-18 02:56:00+00:00,27.56,27.58,27.56,27.56,4006,19,uptrend3
2024-07-18 02:57:00+00:00,27.56,27.6,27.55,27.58,726,31,uptrend3
2024-07-18 02:58:00+00:00,27.59,27.6,27.58,27.59,5532,25,uptrend3
2024-07-18 02:59:00+00:00,27.59,27.6,27.59,27.6,399,5,uptrend3
2024-07-18 03:00:00+00:00,27.59,27.6,27.58,27.6,30117,38,uptrend1
2024-07-18 03:01:00+00:00,27.59,27.62,27.59,27.61,23408,32,downtrend2
2024-07-18 03:02:00+00:00,27.6,27.61,27.59,27.6,6739,22,downtrend2
2024-07-18 03:03:00+00:00,27.59,27.59,27.57,27.58,3004,23,uptrend4
2024-07-18 03:04:00+00:00,27.58,27.6,27.56,27.6,24048,33,uptrend4
2024-07-18 03:05:00+00:00,27.61,27.65,27.61,27.64,27355,40,uptrend4
2024-07-18 03:06:00+00:00,27.65,27.66,27.65,27.66,19490,31,uptrend4
2024-07-18 03:07:00+00:00,27.66,27.67,27.65,27.67,7970,20,uptrend4
2024-07-18 03:08:00+00:00,27.68,27.7,27.67,27.67,17404,39,uptrend1
2024-07-18 03:09:00+00:00,27.68,27.69,27.67,27.68,15553,31,uptrend1
2024-07-18 03:10:00+00:00,27.69,27.69,27.68,27.68,37516,48,downtrend1
2024-07-18 03:11:00+00:00,27.68,27.68,27.65,27.66,1682,25,uptrend2
2024-07-18 03:12:00+00:00,27.66,27.68,27.66,27.68,6175,21,uptrend2
2024-07-18 03:13:00+00:00,27.69,27.7,27.69,27.7,5975,12,downtrend2
2024-07-18 03:14:00+00:00,27.69,27.7,27.68,27.69,1578,12,downtrend2
2024-07-18 03:15:00+00:00,27.69,27.7,27.65,27.68,37160,50,uptrend3
2024-07-18 03:16:00+00:00,27.67,27.7,27.67,27.7,17126,24,uptrend3
2024-07-18 03:17:00+00:00,27.7,27.74,27.7,27.72,57842,98,uptrend3
2024-07-18 03:18:00+00:00,27.73,27.74,27.7,27.74,29494,53,downtrend3
2024-07-18 03:19:00+00:00,27.73,27.75,27.72,27.73,3496,43,downtrend3
2024-07-18 03:20:00+00:00,27.73,27.73,27.71,27.72,7268,44,downtrend3
2024-07-18 03:21:00+00:00,27.72,27.73,27.68,27.7,3859,33,downtrend3
2024-07-18 03:22:00+00:00,27.69,27.7,27.69,27.7,1124,8,downtrend2
2024-07-18 03:23:00+00:00,27.69,27.7,27.69,27.69,368,8,downtrend2
2024-07-18 03:24:00+00:00,27.69,27.7,27.67,27.67,5566,22,uptrend2
2024-07-18 03:25:00+00:00,27.66,27.7,27.66,27.69,24650,45,uptrend2
2024-07-18 03:26:00+00:00,27.7,27.71,27.68,27.71,16707,39,uptrend2
2024-07-18 03:27:00+00:00,27.7,27.71,27.7,27.71,10236,24,downtrend1
2024-07-18 03:28:00+00:00,27.7,27.71,27.69,27.7,11076,18,uptrend4
2024-07-18 03:29:00+00:00,27.7,27.74,27.7,27.72,150769,106,uptrend4
2024-07-18 03:30:00+00:00,27.73,27.74,27.72,27.74,8589,32,uptrend4
2024-07-18 03:31:00+00:00,27.74,27.77,27.74,27.75,31645,81,uptrend4
2024-07-18 03:32:00+00:00,27.75,27.77,27.74,27.77,39170,82,downtrend3
2024-07-18 03:33:00+00:00,27.76,27.76,27.74,27.75,14381,30,downtrend3
2024-07-18 03:34:00+00:00,27.74,27.74,27.71,27.72,41670,55,downtrend3
2024-07-18 03:35:00+00:00,27.73,27.74,27.69,27.69,43719,47,uptrend2
2024-07-18 03:36:00+00:00,27.69,27.71,27.69,27.71,17568,30,uptrend2
2024-07-18 03:37:00+00:00,27.72,27.73,27.7,27.73,7178,39,uptrend2
2024-07-18 03:38:00+00:00,27.73,27.73,27.71,27.73,2230,22,downtrend1
2024-07-18 03:39:00+00:00,27.72,27.72,27.7,27.7,4788,29,uptrend1
2024-07-18 03:40:00+00:00,27.7,27.73,27.7,27.71,19144,35,uptrend1
2024-07-18 03:41:00+00:00,27.71,27.73,27.71,27.71,468,18,downtrend1
2024-07-18 03:42:00+00:00,27.72,27.72,27.69,27.69,3792,24,uptrend2
2024-07-18 03:43:00+00:00,27.7,27.73,27.7,27.73,13838,39,uptrend2
2024-07-18 03:44:00+00:00,27.72,27.75,27.72,27.74,4673,24,downtrend2
2024-07-18 03:45:00+00:00,27.74,27.75,27.73,27.73,3889,33,downtrend2
2024-07-18 03:46:00+00:00,27.73,27.73,27.72,27.72,8633,30,uptrend2
2024-07-18 03:47:00+00:00,27.72,27.75,27.72,27.74,3249,27,uptrend2
2024-07-18 03:48:00+00:00,27.74,27.77,27.74,27.77,21206,32,downtrend1
2024-07-18 03:49:00+00:00,27.77,27.77,27.74,27.74,15889,44,downtrend1
2024-07-18 03:50:00+00:00,27.74,27.75,27.73,27.74,5058,37,
2024-07-18 03:51:00+00:00,27.75,27.77,27.74,27.74,41941,100,uptrend1
2024-07-18 03:52:00+00:00,27.73,27.76,27.73,27.75,22174,42,downtrend1
2024-07-18 03:53:00+00:00,27.75,27.76,27.72,27.72,21132,58,downtrend1
2024-07-18 03:54:00+00:00,27.72,27.72,27.72,27.72,613,13,downtrend1
2024-07-18 03:55:00+00:00,27.72,27.73,27.71,27.71,27277,35,downtrend1
2024-07-18 03:56:00+00:00,27.7,27.72,27.7,27.71,16574,31,uptrend2
2024-07-18 03:57:00+00:00,27.7,27.75,27.7,27.75,130179,75,uptrend2
2024-07-18 03:58:00+00:00,27.75,27.77,27.75,27.77,12127,32,downtrend1
2024-07-18 03:59:00+00:00,27.77,27.78,27.76,27.76,47522,96,uptrend1
2024-07-18 04:00:00+00:00,27.76,27.79,27.76,27.78,35575,64,downtrend1
2024-07-18 04:01:00+00:00,27.78,27.78,27.75,27.75,7227,46,downtrend1
2024-07-18 04:02:00+00:00,27.75,27.76,27.75,27.75,7098,44,uptrend1
2024-07-18 04:03:00+00:00,27.75,27.78,27.74,27.77,10033,31,uptrend1
2024-07-18 04:04:00+00:00,27.77,27.77,27.76,27.77,3360,23,downtrend2
2024-07-18 04:05:00+00:00,27.77,27.77,27.74,27.74,3439,19,downtrend2
2024-07-18 04:06:00+00:00,27.74,27.74,27.7,27.71,54264,61,uptrend3
2024-07-18 04:07:00+00:00,27.72,27.72,27.7,27.72,13236,13,uptrend3
2024-07-18 04:08:00+00:00,27.72,27.73,27.71,27.73,5546,22,uptrend3
2024-07-18 04:09:00+00:00,27.73,27.75,27.72,27.75,4857,23,downtrend1
2024-07-18 04:10:00+00:00,27.75,27.75,27.73,27.73,17618,23,downtrend1
2024-07-18 04:11:00+00:00,27.72,27.73,27.72,27.73,1446,10,downtrend1
2024-07-18 04:12:00+00:00,27.72,27.73,27.71,27.71,12689,40,uptrend1
2024-07-18 04:13:00+00:00,27.71,27.72,27.71,27.72,15931,15,downtrend1
2024-07-18 04:14:00+00:00,27.72,27.73,27.7,27.7,9747,21,uptrend1
2024-07-18 04:15:00+00:00,27.7,27.72,27.7,27.72,6085,21,downtrend3
2024-07-18 04:16:00+00:00,27.72,27.73,27.71,27.71,4804,26,downtrend3
2024-07-18 04:17:00+00:00,27.72,27.72,27.69,27.69,155156,38,downtrend3
2024-07-18 04:18:00+00:00,27.69,27.69,27.66,27.66,20353,53,uptrend1
2024-07-18 04:19:00+00:00,27.66,27.68,27.64,27.67,30872,61,uptrend1
2024-07-18 04:20:00+00:00,27.67,27.69,27.66,27.67,53621,190,uptrend1
2024-07-18 04:21:00+00:00,27.68,27.68,27.66,27.68,22135,62,uptrend1
2024-07-18 04:22:00+00:00,27.68,27.69,27.67,27.68,11954,33,
2024-07-18 04:23:00+00:00,27.69,27.7,27.68,27.68,11725,19,uptrend1
2024-07-18 04:24:00+00:00,27.69,27.7,27.69,27.7,4397,16,uptrend1
2024-07-18 04:25:00+00:00,27.7,27.7,27.68,27.7,13970,37,
2024-07-18 04:26:00+00:00,27.71,27.71,27.69,27.7,997,14,
2024-07-18 04:27:00+00:00,27.7,27.7,27.69,27.7,149,11,downtrend4
2024-07-18 04:28:00+00:00,27.7,27.7,27.69,27.69,1940,24,downtrend4
2024-07-18 04:29:00+00:00,27.69,27.7,27.68,27.68,6814,15,downtrend4
2024-07-18 04:30:00+00:00,27.68,27.68,27.63,27.64,15805,45,downtrend4
2024-07-18 04:31:00+00:00,27.63,27.64,27.61,27.63,53264,52,downtrend4
2024-07-18 04:32:00+00:00,27.63,27.64,27.63,27.63,4514,17,uptrend3
2024-07-18 04:33:00+00:00,27.63,27.64,27.63,27.64,4413,11,uptrend3
2024-07-18 04:34:00+00:00,27.63,27.66,27.63,27.65,13252,44,uptrend3
2024-07-18 04:35:00+00:00,27.65,27.66,27.65,27.66,638,7,uptrend3
2024-07-18 04:36:00+00:00,27.66,27.66,27.65,27.66,6868,20,downtrend1
2024-07-18 04:37:00+00:00,27.66,27.66,27.65,27.65,1728,19,uptrend3
2024-07-18 04:38:00+00:00,27.65,27.66,27.65,27.66,7755,18,uptrend3
2024-07-18 04:39:00+00:00,27.67,27.68,27.66,27.68,32971,36,uptrend3
2024-07-18 04:40:00+00:00,27.68,27.7,27.68,27.7,25041,36,uptrend3
2024-07-18 04:41:00+00:00,27.7,27.71,27.69,27.7,4249,24,downtrend1
2024-07-18 04:42:00+00:00,27.69,27.69,27.68,27.68,24269,17,uptrend1
2024-07-18 04:43:00+00:00,27.68,27.69,27.68,27.69,2451,9,downtrend1
2024-07-18 04:44:00+00:00,27.68,27.68,27.67,27.68,3460,22,uptrend1
2024-07-18 04:45:00+00:00,27.68,27.7,27.68,27.7,18995,32,downtrend3
2024-07-18 04:46:00+00:00,27.69,27.69,27.69,27.69,9403,17,downtrend3
2024-07-18 04:47:00+00:00,27.69,27.69,27.64,27.64,39015,61,downtrend3
2024-07-18 04:48:00+00:00,27.64,27.64,27.62,27.62,24599,28,downtrend3
2024-07-18 04:49:00+00:00,27.61,27.62,27.6,27.62,8725,40,uptrend2
2024-07-18 04:50:00+00:00,27.63,27.66,27.63,27.65,13280,29,uptrend2
2024-07-18 04:51:00+00:00,27.65,27.66,27.64,27.66,2647,13,downtrend3
2024-07-18 04:52:00+00:00,27.64,27.65,27.63,27.64,2735,18,downtrend3
2024-07-18 04:53:00+00:00,27.64,27.64,27.59,27.61,3007,23,downtrend3
2024-07-18 04:54:00+00:00,27.61,27.61,27.6,27.6,1826,16,downtrend3
2024-07-18 04:55:00+00:00,27.6,27.61,27.59,27.6,8166,31,uptrend1
2024-07-18 04:56:00+00:00,27.6,27.62,27.59,27.62,11212,28,downtrend1
2024-07-18 04:57:00+00:00,27.62,27.62,27.6,27.6,9377,10,downtrend1
2024-07-18 04:58:00+00:00,27.6,27.6,27.6,27.6,13,1,uptrend1
2024-07-18 04:59:00+00:00,27.59,27.61,27.59,27.61,10870,25,uptrend1
2024-07-18 05:00:00+00:00,27.61,27.61,27.59,27.61,6439,23,uptrend1
2024-07-18 05:01:00+00:00,27.61,27.63,27.61,27.62,10247,29,uptrend1
2024-07-18 05:02:00+00:00,27.61,27.62,27.61,27.62,3642,15,downtrend2
2024-07-18 05:03:00+00:00,27.62,27.62,27.59,27.59,17004,40,downtrend2
2024-07-18 05:04:00+00:00,27.6,27.6,27.58,27.58,8111,26,uptrend1
2024-07-18 05:05:00+00:00,27.59,27.62,27.59,27.61,21388,40,uptrend1
2024-07-18 05:06:00+00:00,27.61,27.61,27.6,27.61,2660,28,
2024-07-18 05:07:00+00:00,27.6,27.63,27.6,27.61,26543,40,downtrend4
2024-07-18 05:08:00+00:00,27.6,27.6,27.58,27.6,2675,32,downtrend4
2024-07-18 05:09:00+00:00,27.6,27.6,27.58,27.58,26129,21,downtrend4
2024-07-18 05:10:00+00:00,27.58,27.59,27.54,27.54,23177,60,downtrend4
2024-07-18 05:11:00+00:00,27.54,27.54,27.5,27.51,43670,81,uptrend1
2024-07-18 05:12:00+00:00,27.52,27.54,27.52,27.54,8697,30,
